{"cameraMode":{"drawMode":0,"name":"Shaded","section":"Shading Mode"},"sceneLighting":true,"audioPlay":false,"sceneViewState":{"showFog":true,"showMaterialUpdate":true,"showSkybox":true,"showFlares":true,"showImageEffects":true,"showParticleSystems":true},"in2DMode":false,"pivot":{"x":483.9901428222656,"y":343.6986999511719,"z":432.2647705078125},"rotation":{"x":0.29255998134613039,"y":-0.6138471364974976,"z":0.2623079717159271,"w":0.6847187280654907},"size":0.36370760202407839,"orthographic":false}