{"cameraMode":{"drawMode":0,"name":"Shaded","section":"Shading Mode"},"sceneLighting":true,"audioPlay":false,"sceneViewState":{"showFog":true,"showMaterialUpdate":true,"showSkybox":true,"showFlares":true,"showImageEffects":true,"showParticleSystems":true},"in2DMode":false,"pivot":{"x":386.4590148925781,"y":361.9151611328125,"z":743.3471069335938},"rotation":{"x":0.10988449305295944,"y":0.7810860276222229,"z":-0.14359383285045625,"w":0.5977141857147217},"size":68.0216064453125,"orthographic":false}