{"cameraMode":{"drawMode":0,"name":"Shaded","section":"Shading Mode"},"sceneLighting":true,"audioPlay":false,"sceneViewState":{"showFog":true,"showMaterialUpdate":true,"showSkybox":true,"showFlares":true,"showImageEffects":true,"showParticleSystems":true},"in2DMode":false,"pivot":{"x":328.4851379394531,"y":355.3924560546875,"z":688.1052856445313},"rotation":{"x":-0.06436879932880402,"y":-0.920221745967865,"z":0.17116130888462068,"w":-0.34606289863586428},"size":1204.8477783203125,"orthographic":false}